major,middle,minor
원피스/정장,원피스,면/마/린넨원피스
원피스/정장,원피스,럭셔리 원피스
원피스/정장,원피스,쉬폰/레이스원피스
원피스/정장,원피스,니트/모직원피스
원피스/정장,원피스,정장바지
원피스/정장,원피스,정장블라우스
원피스/정장,원피스,정장치마
원피스/정장,원피스,정장원피스
원피스/정장,원피스,정장자켓
원피스/정장,원피스,정장 세트
상의,티셔츠,라운드넥티셔츠
상의,티셔츠,브이넥티셔츠
상의,티셔츠,민소매티셔츠
상의,티셔츠,후드티/후드집업
상의,티셔츠,맨투맨
상의,티셔츠,폴라티셔츠
상의,티셔츠,솔리드셔츠
상의,티셔츠,쉬폰/프린트블라우스
상의,티셔츠,레이스/프릴블라우스
상의,티셔츠,스트라이프셔츠
상의,티셔츠,체크셔츠
상의,티셔츠,데님셔츠
상의,티셔츠,라운드넥니트
상의,티셔츠,브이넥니트
상의,티셔츠,폴라/반폴라니트
상의,티셔츠,루즈핏가디건
상의,티셔츠,롱가디건
상의,티셔츠,미니가디건
하의,바지,면바지밴딩팬츠
하의,바지,반바지/치마바지
하의,바지,슬랙스
하의,바지,스키니/슬림핏
하의,바지,청반바지
하의,바지,스트레이트핏
하의,바지,부츠컷/와이드핏
하의,바지,무지레깅스
하의,바지,치마/바지레깅스
하의,바지,미디스커트
하의,바지,미니 스커트
하의,바지,롱스커트
하의,바지,트레이닝상하세트
하의,바지,트레이닝하의
하의,바지,트레이닝상의
아우터,자켓/코트,자켓
아우터,자켓/코트,트렌치코트
아우터,자켓/코트,코트
아우터,자켓/코트,가죽/퍼자켓
아우터,자켓/코트,사파리/야상점퍼
아우터,자켓/코트,바람막이/야구점퍼
아우터,자켓/코트,후드집업점퍼
아우터,자켓/코트,패딩/다운점퍼
아우터,자켓/코트,캐주얼조끼
아우터,자켓/코트,패딩조끼
마담의류,마담의류,티셔츠
마담의류,마담의류,블라우스/셔츠
마담의류,마담의류,자켓/코트/패딩
마담의류,마담의류,니트/가디건/앙상블
마담의류,마담의류,바지/청바지
마담의류,마담의류,스커트
마담의류,마담의류,원피스
시즌/테마의류,수영복/비치웨어,수영복
시즌/테마의류,수영복/비치웨어,비치웨어
시즌/테마의류,수영복/비치웨어,전통한복
시즌/테마의류,수영복/비치웨어,패션/캐주얼 한복
시즌/테마의류,수영복/비치웨어,한복소품
시즌/테마의류,수영복/비치웨어,상의
시즌/테마의류,수영복/비치웨어,섹시원피스
시즌/테마의류,수영복/비치웨어,하의
시즌/테마의류,수영복/비치웨어,레인코트
시즌/테마의류,수영복/비치웨어,유니폼/가운
시즌/테마의류,수영복/비치웨어,밸리/재즈/살사댄스복
시즌/테마의류,수영복/비치웨어,코스튬/이벤트복
시즌/테마의류,수영복/비치웨어,의류DIY/리폼부자재
시즌/테마의류,수영복/비치웨어,웨딩/파티드레스
시즌/테마의류,수영복/비치웨어,교복상하세트
시즌/테마의류,수영복/비치웨어,교복 상의
시즌/테마의류,수영복/비치웨어,교복 하의
